"id","Rank1","Rank2","Rank3","Rank4","Rank5","Budget","cor","sub","cor_avg","Per_Rank1","Per_Rank5","Rel_Per","RPS","IR","RPS.rank","IR.rank","class"
"0102b20c",-0.051824,-0.068238,-0.088524,-0.083414,-0.0948,0.8952,-0.922884526725405,"avg",-0.922884526725405,-0.0578909740840036,-0.105898123324397,-0.0480071492403932,0.1642,-2.74234,93,90,"Opposite Connection"
"0509c220",0.2,0.3,0.2,0.2,0.1,1,-0.670820393249937,"avg",-0.670820393249937,0.2,0.1,-0.1,0.20433,-5.48755,141,108,"Opposite Connection"
"05cd7224",-0.147694603781818,-0.0541448097,-0.0243265667090909,0.00884254760909091,0.0936988871272727,0.999991818181818,0.978061869115174,"avg",0.708096731981752,-0.1476958122021,0.0936996537608035,0.241395465962903,0.21066,-10.95626,143,135,"Connected"
"07c9170b",-0.00586123045833333,-0.008314439675,-0.00878155166666666,-0.00510359870833333,-0.00347834615833333,0.996434166666667,0.566853143629445,"avg",-0.119684714051253,-0.00588220542250241,-0.00349079374703631,0.0023914116754661,0.15958,-10.43776,27,134,"Disconnected"
"0b1bfb9c",0.0486532428916667,0.051429387,0.0564641477916667,0.057899855375,0.069206700275,0.998748333333333,0.950715599211831,"avg",0.836241817133048,0.0487142168530945,0.0692934325547477,0.0205792157016532,0.1598,-19.67177,34,154,"Well Connected"
"0db5fc0c",0.00869750925,-0.029476657125,-0.0266143663,-0.00910118333333333,0.042721364175,1,0.471106471215457,"avg",0.377391115635647,0.00869750925,0.042721364175,0.034023854925,0.16679,-17.41981,102,151,"Weakly Connected"
"1240bcc8",0.0188066476666667,0.028356589,0.0195500416666667,0.0217528796666667,0.002023842,0.999603333333333,-0.651987725094544,"avg",-0.287981290961097,0.0188141105972036,0.00202464510922666,-0.0167894654879769,0.16306,-2.91564,86,91,"Opposite Connection"
"12b14bfc",-0.0591666666666667,-0.0620833333333333,0.0341666666666667,0.165,0.267916666666667,0.8875,0.96378209985101,"avg",0.874750020224373,-0.0666666666666667,0.3018779342723,0.368544600938967,0.23146,-11.13137,150,138,"Well Connected"
"1374c1f1",0.20553848,0.17074604,0.24794004,0.1703538,0.20542164,1,-0.00309383783739827,"avg",-0.00309383783739827,0.20553848,0.20542164,-0.000116840000000007,0.15929,-1.21835,23,81,"Disconnected"
"14cbb019",0.1005137167,0.096673632425,0.101710545175,0.1032921003875,0.0968425053125,1,-0.0387662569473867,"avg",-0.383163485132771,0.1005137167,0.0968425053125,-0.0036712113875,0.16081,-7.5282,74,120,"Opposite Connection"
"15db49cb",0.2,0.2,0.2,0.2,0.2,1,NA,"avg",NA,0.2,0.2,0,0.16,0.45347,51,55,"NA"
"169b45f0",-0.2475,-0.1207,-0.1029,-0.0197,0.4957,0.9999,0.870524106897237,"avg",0.870524106897237,-0.247524752475248,0.495749574957496,0.743274327432743,0.32333,-6.21435,163,114,"Well Connected"
"190cb995",0.092102535,0.05466106,0.078461365,0.145341915,0.629433125,1,0.760286877207937,"avg",0.763965614392325,0.092102535,0.629433125,0.53733059,0.18569,-12.83295,133,143,"Well Connected"
"1995b9c2",0.2,0.2,0.2,0.2,0.2,1,NA,"avg",NA,0.2,0.2,0,0.16,-0.30005,51,71,"NA"
"1bdff261",0.198,0.2,0.2,0.202,0.2,1,0.670820393249937,"avg",0.670820393249937,0.198,0.2,0.002,0.16018,0.40748,66.5,63,"Connected"
"1cd83ccc",0.211891524,0.211891524,0.211891524,0.211891524,0.152393904,0.99996,-0.707106781186547,"avg",-0.707106781186547,0.2119,0.1524,-0.0595,0.16085,-1.33792,75,82,"Opposite Connection"
"1d3cd369",0.2041747628,0.141708477490909,0.142784208809091,0.138537744390909,0.190680261054545,0.999703636363636,-0.152323808407592,"avg",-0.135469588076901,0.20423529071343,0.190736788502774,-0.0134985022106552,0.15968,6.1536,29,17,"Disconnected"
"203bb693",0.019704,0.021473,0.024986,0.022606,0.020231,0.987,0.164097197111092,"avg",0.181263445336298,0.0199635258358663,0.0204974670719352,0.000533941236068897,0.16027,-6.10366,69,113,"Disconnected"
"20fbd380",0.00666666666666667,0.0733333333333333,0.218333333333333,0.27,0.431666666666667,1,0.987562998796191,"avg",0.945459555486401,0.00666666666666667,0.431666666666667,0.425,0.20222,-11.24211,140,139,"Well Connected"
"22dcdc75",0.112813652571429,0.152785779857143,0.200046534,0.245118620714286,0.289006841428571,0.999771428571429,0.999721444017275,"avg",0.985943283862893,0.112839444444444,0.289072915237769,0.176233470793324,0.1972,-0.76729,138,78,"Well Connected"
"2b6cb11d",0.18245733805,0.1771058171,0.1793521721,0.20731029125,0.2322393815,0.999845,0.863534719415937,"avg",0.614750667406742,0.182485623321615,0.232275384184549,0.0497897608629338,0.17155,-0.46799,114,72,"Connected"
"2b8b032c",0.1094506,0.126838333333333,0.1324946,0.136786466666667,0.161096666666667,1,0.958425001431334,"avg",0.738849107752348,0.1094506,0.161096666666667,0.0516460666666667,0.16108,12.30574,77,8,"Connected"
"2bc96665",0.1331273258,0.2001840304,0.18494053015,0.170930142,0.31080797165,1,0.772466267425242,"avg",0.117567558053878,0.1331273258,0.31080797165,0.17768064585,0.18916,-4.51971,134,103,"Disconnected"
"2c1cbbbf",0.2,0.2,0.2,0.2,0.2,1,NA,"avg",NA,0.2,0.2,0,0.16,0.45347,51,55,"NA"
"2c78c015",0.2,0.2,0.2,0.2,0.2,1,NA,"avg",NA,0.2,0.2,0,0.16,0.45347,51,55,"NA"
"2d729675",0.2,0.2,0.2,0.2,0.2,1,NA,"avg",NA,0.2,0.2,0,0.16,0.45347,51,55,"NA"
"2ddbfd56",0.233454108791667,0.13356172715,0.12446629455,0.171906263566667,0.282793272608333,0.963235,0.320279228782594,"avg",0.388537870301126,0.242364644963759,0.293586998612315,0.0512223536485558,0.16153,-22.66399,81,159,"Weakly Connected"
"2f030cc5",0.052,0.052,0.052,0.052,0.052,0.26,NA,"avg",NA,0.2,0.2,0,0.16,-7.03038,51,116,"NA"
"30c5c41c",0.11828307155,0.13911313855,0.1249429148,0.12812267205,0.11435820305,0.62482,-0.310870106953365,"avg",-0.294980233585784,0.189307435021286,0.18302583632086,-0.00628159870042572,0.17063,-22.01308,112,157,"Opposite Connection"
"31bb28c9",0.0671961144,0.0627766615,0.0634250446,0.0678175381,0.0699246414,0.39802,0.546520203979918,"avg",0.410334735349905,0.168825974574142,0.175681225566554,0.00685525099241244,0.15976,-2.00365,31,84,"Weakly Connected"
"32cdcc24",0.2,0.2,0.2,0.2,0.2,1,NA,"avg",NA,0.2,0.2,0,0.16,0.45347,51,55,"NA"
"34cf2f3f",0.2,0.2,0.2,0.2,0.2,1,NA,"avg",NA,0.2,0.2,0,0.16,0.45347,51,55,"NA"
"3653df28",0.2,0.2,0.2,0.2,0.2,1,NA,"avg",NA,0.2,0.2,0,0.16,0.45347,51,55,"NA"
"380c6343",0.198292141666667,0.192979679166667,0.1821259875,0.202703470833333,0.223898720833333,1,0.625153978308212,"avg",0.41649807499178,0.198292141666667,0.223898720833333,0.0256065791666667,0.1632,-4.03737,89,97,"Weakly Connected"
"3862cc83",0.14321489706,0.16623292252,0.26121020766,0.22633387393,0.20300809883,1,0.605245571014885,"avg",0.537752987414789,0.14321489706,0.20300809883,0.05979320177,0.16325,-9.20403,90,128,"Connected"
"38c7fc7b",0.0670524169083333,0.0246707284916667,0.0220212806583333,0.024481131525,0.0746236090833333,0.479245833333333,0.0910560435865334,"avg",0.183232676065094,0.139912362809623,0.155710501569306,0.0157981387596832,0.15648,3.71755,2,22,"Disconnected"
"3900b673",0.213364823966667,0.1956762325,0.1696881385,0.169897089833333,0.203150381866667,0.98233,-0.369117197194331,"avg",-0.365936521764363,0.217202797396666,0.20680461949311,-0.0103981779035558,0.15816,-4.40731,12,101,"Opposite Connection"
"39b9b3b1",0.2164881711,0.18639121475,0.17502319315,0.191271171,0.22808625,0.99947,0.201345095905561,"avg",-0.0641110403371241,0.216602970674457,0.228207199815902,0.0116042291414449,0.17026,0.36091,109,64,"Disconnected"
"3b28f32c",0.201947,0.199466,0.19859,0.199992,0.200005,1,-0.431216709171824,"avg",-0.241095204725028,0.201947,0.200005,-0.001942,0.1615,0.45347,80,55,"Disconnected"
"3bdbc3c0",-0.117170622222222,-0.0116592,-0.00420862222222222,-0.0152522888888889,-0.1390426,0.892888888888889,-0.115025946652295,"avg",-0.2256079986781,-0.131226431060229,-0.155722175211548,-0.0244957441513191,0.1631,-0.62471,87,76,"Disconnected"
"3cd1929f",0.043,0.215,0.335,0.224,0.043,0.86,0.0112146594153422,"avg",0.0112146594153422,0.05,0.05,0,0.17286,1.26055,118,38,"Disconnected"
"3d227c13",0.2,0.2,0.2,0.2,0.2,1,NA,"avg",NA,0.2,0.2,0,0.16,1.25843,51,39,"NA"
"41c16cc4",-0.107625,-0.111375,-0.022,0.063625,0.067375,1,0.94846556309202,"avg",0.948026350243765,-0.107625,0.067375,0.175,0.16682,-5.70833,103,110,"Well Connected"
"47dc617b",0.0433700115,0.052285721,0.0538757363,0.0569326788,0.1607568524,0.982237,0.77147446657359,"avg",0.55712593084639,0.0441543247709056,0.163664016321926,0.119509691551021,0.17491,-18.17402,120,152,"Connected"
"47dd8149",0.1339147295,0.08531384995,0.09542581015,0.092574798,0.1304558124,0.999995,0.00237594248543709,"avg",0.117451288883202,0.133915399076995,0.130456464682323,-0.00345893439467196,0.15927,-7.05807,22,117,"Disconnected"
"48cf320f",-0.7,0,0,0,0.3,1,0.854357657716761,"avg",0.854357657716761,-0.7,0.3,1,0.31633,6.60688,160,16,"Well Connected"
"4b556c23",0.0173881923333333,0.00596386433333333,0.00579290533333333,0.006835061,0.000549976999999999,0.999583333333333,-0.842526345029971,"avg",-0.355970718497573,0.017395440433514,0.000550206252605251,-0.0168452341809087,0.15764,-4.83789,9,104,"Opposite Connection"
"4cb8b66c",0.117590455555556,0.106502233333333,0.101792466666667,0.107059111111111,0.105881288888889,0.997776666666667,-0.615740059052609,"avg",-0.256091638096594,0.117852480904767,0.106117222847687,-0.0117352580570802,0.16119,-5.29357,78,106,"Opposite Connection"
"5004c81c",-0.09,-0.06,0.0075,0.2225,0.42,1,0.950799584278305,"avg",0.948933832991439,-0.09,0.42,0.51,0.16445,2.25653,96,29,"Well Connected"
"515b11f9",0.176930039816667,0.153393528816667,0.142125010816667,0.1569279306,0.20316598995,0.999654166666667,0.368436649715547,"avg",0.0744130834377981,0.17699124929038,0.203236275828724,0.0262450265383445,0.16019,-4.42029,68,102,"Disconnected"
"538b0bb5",0,0,0,0,0,1,NA,"avg",NA,0,0,0,0.1848,-2.36294,130,88,"NA"
"59405297",-0.087045835,-0.020808765,0.039740255,0.098032025,0.35293232,0.99995,0.93363487560155,"avg",0.900034210039722,-0.0870501875093755,0.352949967498375,0.44000015500775,0.22475,2.23133,146,30,"Well Connected"
"5c0347cc",0.161359986,0.204468794,0.270365284,0.20333184,0.160464096,0.99999,-0.0103298231089978,"avg",-0.0103298231089978,0.161361599615996,0.160465700657007,-0.000895898958989588,0.1598,-3.12058,33,93,"Disconnected"
"5c7bb709",0.21254005171,0.19832370977,0.198605569,0.18757746481,0.20041620471,0.997463,-0.623291255241749,"avg",-0.181784231303849,0.213080637286797,0.20092595385493,-0.0121546834318667,0.15902,-8.79757,17,126,"Disconnected"
"5f3cc21b",-0.07046270855,-0.003773458075,0.0185482959083333,0.0403621313833333,0.0722707393333333,0.999861666666667,0.9708105150586,"avg",0.73489434403591,-0.0704724572399182,0.07228073816878,0.142753195408698,0.16078,-21.48702,73,156,"Connected"
"5fbf807c",0.1,0.1,0.1,0.1,0.1,1,NA,"avg",NA,0.1,0.1,0,0.16,-8.45218,51,124,"NA"
"5fc3bcc4",0.23042325,0.16294525,0.2085535,0.20579775,0.19178025,0.9995,-0.218965758574617,"avg",-0.30948264376134,0.23053851925963,0.191876188094047,-0.0386623311655828,0.22945,0.68151,147,44,"Opposite Connection"
"5ff2c089",0.18096236,0.14740989,0.1345576325,0.149319475,0.3877506425,1,0.617795615049978,"avg",0.61741478431611,0.18096236,0.3877506425,0.2067882825,0.16905,2.06687,107,31,"Connected"
"60b1d9cc",0.0211707409090909,0.00214112272727273,0.00468298,0.0183993154545455,0.0643876590909091,0.985690909090909,0.648897908948197,"avg",0.644276778489634,0.0214780726025123,0.0653223627174294,0.0438442901149171,0.16095,-7.65387,76,121,"Connected"
"611c19d0",0.00528531,-0.00533874,-0.00194865,0.00605782333333333,0.01276759,0.999996666666667,0.58459502773853,"avg",0.186489059508681,0.00528532761775873,0.0127676325587752,0.00748230494101647,0.15882,-12.6008,15,142,"Disconnected"
"6133c0d7",0.0625,0.09375,0.15625,0.28125,0.40625,1,0.970725343394151,"avg",0.970725343394151,0.0625,0.40625,0.34375,0.19081,-2.00376,135,85,"Well Connected"
"6193fbd1",0.2,0.2,0.2,0.2,0.2,1,NA,"avg",NA,0.2,0.2,0,0.16,0.45347,51,55,"NA"
"644389bc",0.33449992,0.11250018,0.08449997,0.12833332,0.34016661,1,0.033992825631493,"avg",0.033992825631493,0.33449992,0.34016661,0.00566669000000003,0.15939,-1.15713,25,80,"Disconnected"
"656bb49c",-0.0449197493333333,0.00437511033333333,0.071443236,0.196469308666667,0.439072094333333,0.999773333333333,0.948157434018271,"avg",0.925988239670741,-0.0449299334515824,0.439171639905045,0.484101573356628,0.24977,-3.6856,152,96,"Well Connected"
"66752bbc",0.194942142857143,0.0931307142857143,0.103185,0.141334285714286,0.467407857142857,1,0.606097425754998,"avg",0.205268874211646,0.194942142857143,0.467407857142857,0.272465714285714,0.17054,-7.1498,111,118,"Disconnected"
"66c4f4fd",-0.0536224,-0.0371337,-0.000392799999999998,0.0461742,0.0625887,0.3759,0.986570854824791,"avg",0.648350490132637,-0.142650704974727,0.166503591380686,0.309154296355414,0.19192,-11.07432,137,136,"Connected"
"6954b3b1",-0.208790909090909,-0.0408363636363636,0.0276363636363636,0.126154545454545,0.386745454545455,1,0.973562550972746,"avg",0.93574373814648,-0.208790909090909,0.386745454545455,0.595536363636364,0.22363,7.25555,145,12,"Well Connected"
"6f6dc500",0.05640925,0.1127375,0.09757675,0.1040675,0.091709,0.8875,0.45259453105675,"avg",0.245463414705911,0.0635597183098592,0.103334084507042,0.0397743661971831,0.16436,-13.03436,95,144,"Disconnected"
"7139c8db",-0.48384,-0.06172,0.000779999999999999,0.06046,0.35448,0.99,0.943031012760372,"avg",0.911322542914537,-0.488727272727273,0.358060606060606,0.846787878787879,0.31933,-8.37065,161,122,"Well Connected"
"71b47b97",0.170724966083333,0.210022297833333,0.237007238583333,0.210389389083333,0.170871108416667,0.999015,0.00363899343772415,"avg",0.00436442062268409,0.170893295979873,0.171039582405336,0.000146286425462439,0.15832,1.38634,14,34,"Disconnected"
"7589718c",-0.01428862985,0.00156616354999999,-0.0617479506,-0.1086831831,-0.0011764,1,-0.279503809086776,"avg",-0.121405877810427,-0.01428862985,-0.0011764,0.01311222985,0.23052,12.47064,148,7,"Disconnected"
"76fcf359",0.2,0.2,0.2,0.2,0.2,1,NA,"avg",NA,0.2,0.2,0,0.16,0.45347,51,55,"NA"
"7830dcbb",-0.11379198,-0.0626258,-0.01320188,0.05169188,0.13791378,0.99899,0.992508564130267,"avg",0.971871717512206,-0.113907026096357,0.138053213745883,0.251960239842241,0.17809,6.61544,124,15,"Well Connected"
"787d2872",-0.0357131868,-0.0221956506,0.0037583112,0.0191773098,0.0734332164,0.49998,0.964602274819811,"avg",0.964602274819811,-0.0714292307692308,0.146872307692308,0.218301538461538,0.16046,10.76497,71,9,"Well Connected"
"78cc44f1",0.06,0.06,0.07,0.46,0.35,1,0.81049882463409,"avg",0.81049882463409,0.06,0.35,0.29,0.23055,-4.32624,149,100,"Well Connected"
"7cb34dbb",0.0215166024666667,0.0109677793583333,0.0073788709,0.0120842939833333,0.022833286625,0.305084166666667,0.0867947925083531,"avg",0.0511359254618028,0.0705267752887864,0.0748425815553631,0.00431580626657672,0.15649,-11.07468,3,137,"Disconnected"
"84d63b80",-0.00988396157142857,0.0365840674285714,0.0319704298571429,0.0256374058571429,0.0828349155714286,0.995714285714286,0.832824456423179,"avg",0.0152338485506444,-0.0099265037302726,0.0831914503586801,0.0931179540889527,0.16831,-9.37445,105,129,"Disconnected"
"856618c2",0.2,0.2,0.2,0.2,0.2,1,NA,"avg",NA,0.2,0.2,0,0.16,-5.55009,51,109,"NA"
"86458890",0.126101636516667,0.136905616925,0.128036895658333,0.140108201941667,0.152907648958333,0.999936666666667,0.836180163755515,"avg",0.219798669066899,0.126109623459486,0.152917333722802,0.0268077102633167,0.17897,-18.28104,125.5,153,"Disconnected"
"872bdbc9",-0.1252275,0.0707725,0.1473,0.1791675,0.2545075,0.99967,0.947943797462758,"avg",0.489619315478909,-0.125268838716777,0.254591515200016,0.379860353916793,0.30977,17.94236,158,5,"Weakly Connected"
"87852799",-0.24967,-0.00473,0.08804,0.17637,0.35279,0.9978,0.981658381295773,"avg",0.981658381295773,-0.250220485067148,0.35356784926839,0.603788334335538,0.26016,2.95013,153,27,"Well Connected"
"880fbc83",0.2,0.2,0.2,0.2,0.2,1,NA,"avg",NA,0.2,0.2,0,0.16,0.45347,51,55,"NA"
"89c29b7d",-0.0960956666666667,-0.058971,-0.0112286666666667,0.0414696666666667,0.0805923333333333,0.938433333333333,0.998386475304379,"avg",0.986593500254053,-0.102400099456541,0.0858796575853372,0.188279757041878,0.16578,-0.5734,101,75,"Well Connected"
"8c13bdf6",0.00375487866666667,0.107976672444444,0.154469974888889,0.165461071111111,0.191422958444444,0.999996666666667,0.924732575912523,"avg",0.30410645531836,0.00375489118297061,0.1914235965231,0.187668705340129,0.17897,-5.98198,125.5,112,"Weakly Connected"
"8c90882c",0.209316085,0.142123086666667,0.131033751666667,0.170865098333333,0.282251978333333,0.999993333333333,0.451191354335,"avg",0.0251903278743308,0.20931748044987,0.282253860025733,0.0729363795758638,0.18386,1.14876,128,40,"Disconnected"
"9078bb5f",-0.194,-0.2,-0.2,-0.2,-0.2,0.994,-0.707106781186547,"avg",-0.707106781186547,-0.195171026156942,-0.201207243460765,-0.00603621730382295,0.323,-3.28316,162,94,"Opposite Connection"
"90d29bb6",-0.2,-0.01,0,0.05,0.3,0.56,0.934437672815447,"avg",0.934437672815447,-0.357142857142857,0.535714285714286,0.892857142857143,0.30633,-7.22901,157,119,"Well Connected"
"916fdfd9",-0.07758325,-0.054099,-0.022081,0.01484025,0.047623,0.95655,0.997269455164814,"avg",0.51743220776597,-0.0811073650096702,0.0497862108619518,0.130893575871622,0.16291,4.09242,85,21,"Connected"
"91716b78",-0.0161399796272727,-0.1145290366,-0.193986714618182,-0.0934253428727273,-0.00334347173636364,0.999999090909091,0.0948697155944554,"avg",0.0885224579971668,-0.0161399942999948,-0.00334347477588616,0.0127965195241087,0.15944,-8.61191,26,125,"Disconnected"
"917cb964",-0.115967666666667,-0.0834873333333333,-0.0297766666666667,0.026456,0.0709756666666667,0.965,0.996613594663722,"avg",0.981248186224414,-0.120173747841105,0.0735499136442142,0.193723661485319,0.1655,7.64534,99,11,"Well Connected"
"921f735d",0.06449169115,0.0870991808875,0.084322355575,0.0795805542875,0.0598762181,0.99992,-0.217434535823242,"avg",-0.164170253494761,0.0644968508980718,0.0598810085806865,-0.00461584231738539,0.15925,-17.04576,21,150,"Disconnected"
"939398bd",-0.2,0,0,0,0.8,1,0.811107105653812,"avg",0.811107105653812,-0.2,0.8,1,0.19907,-5.08309,139,105,"Well Connected"
"96609938",0.1395921,0.127846533333333,0.1708987,0.0916915333333333,0.469971133333333,1,0.643144448644881,"avg",-0.0271586896088879,0.1395921,0.469971133333333,0.330379033333333,0.20442,-9.40506,142,130,"Disconnected"
"98669526",-0.431428571428571,-0.0292857142857143,0.0542857142857143,0.0907142857142857,0.287142857142857,1,0.929820582715961,"avg",0.795181771266328,-0.431428571428571,0.287142857142857,0.718571428571429,0.28072,-14.42135,155,147,"Well Connected"
"9b7bb959",-0.0138150026083333,-0.0115434788,-0.00974241790833333,-0.00706035791666667,-0.000825409433333333,0.620098333333333,0.963398315098135,"avg",0.160507965165379,-0.0222787288172037,-0.00133109442319632,0.0209476343940074,0.16122,21.53685,79,4,"Disconnected"
"9bf7ccb3",0.162162562,0.186478264,0.1978512,0.207627996,0.245659978,0.99978,0.970005937757614,"avg",0.970005937757614,0.162198245614035,0.245714035087719,0.0835157894736842,0.17176,0.64614,115,45,"Well Connected"
"9ddb66b4",-0.02618,0.0035,0.148566666666667,0.16522,0.182226666666667,1,0.932814819525624,"avg",0.744651891123618,-0.02618,0.182226666666667,0.208406666666667,0.24303,1.28737,151,37,"Connected"
"b1002bc9",0.108348050466667,0.103663307608333,0.102528999341667,0.111323375,0.125366267583333,0.694118333333333,0.719044812776162,"avg",0.67764275339865,0.156094494646686,0.180612240828293,0.0245177461816069,0.15692,0.91743,5,42,"Connected"
"b17cd734",0.0415758806666667,0.0231201283333333,0.0281684216666667,0.029212687,0.0261362156666667,0.999566666666667,-0.554806108812489,"avg",-0.442442578201183,0.0415939046920332,0.0261475462700504,-0.0154463584219829,0.1597,6.78628,30,13,"Opposite Connection"
"b2b1cbc6",0.2,0.2,0.2,0.2,0.2,1,NA,"avg",NA,0.2,0.2,0,0.16,0.45347,51,55,"NA"
"b3bbdb72",-0.0956565,-0.06249,-0.023424,0.011085,0.0396355,0.9583,0.998785885434003,"avg",0.944535832721354,-0.0998189502243556,0.0413602212250861,0.141179171449442,0.16287,6.61642,84,14,"Well Connected"
"b3d7dbc2",0.08454071,0.159156191666667,0.192282895,0.242419988333333,0.321566881666667,0.999966666666667,0.990847587774923,"avg",0.946783889893772,0.0845435281176039,0.321577600920031,0.237034072802427,0.17644,0.68457,122,43,"Well Connected"
"b4264c50",-0.279458,-0.189624,-0.100618,-0.064544,0.034244,1,0.992203330109779,"avg",0.684600333287861,-0.279458,0.034244,0.313702,0.16878,-25.61695,106,161,"Connected"
"b42b1297",0.024766600575,0.0411050791,0.03856077075,0.052640447125,0.05016960245,0.9999925,0.892359289076664,"avg",0.222063302161983,0.0247667863258974,0.0501699787248404,0.025403192398943,0.15938,-13.27179,24,146,"Disconnected"
"b4977cb7",-0.117895304083333,-0.00270434208333333,0.0372108654166667,0.05589571275,0.109999734666667,0.999173333333333,0.952671240759629,"avg",0.850291340743117,-0.117992844835064,0.110090743014225,0.228083587849289,0.16218,-22.60985,82,158,"Well Connected"
"b4dd7019",0.0631920003636364,0.0872441818636364,0.0569294296909091,0.0428557296818182,0.211935022036364,0.999990909090909,0.582471040960421,"avg",0.274773119086873,0.0631925748415895,0.211936948735898,0.148744373894308,0.16557,8.88355,100,10,"Weakly Connected"
"b5188797",-0.01886704,-0.0308114726666667,-0.029981332,-0.0342646466666667,-0.0146555086666667,0.99964,0.0928539276829223,"avg",0.231046677035471,-0.018873834580449,-0.0146607865498246,0.00421304803062436,0.15727,-2.22277,7,86,"Disconnected"
"b57b89cd",0.0497433333333333,0.0497433333333333,0.0497433333333333,0.0497433333333333,0.0497433333333333,0.99995,NA,"avg",NA,0.0497458206243645,0.0497458206243645,0,0.16,1.60866,51,33,"NA"
"b681845b",0.112158947,0.129338143,0.141591956,0.128773048,0.112697906,0.62456,0.00648912347159259,"avg",0.00464096118105649,0.179580740040989,0.180443681952094,0.000862941911105447,0.1592,-9.47561,19,131,"Disconnected"
"b6b963b5",-0.033,-0.033,-0.033,-0.033,-0.033,0.995,NA,"avg",NA,-0.0331658291457286,-0.0331658291457286,0,0.16,-6.80681,51,115,"NA"
"b875c91c",-0.147146428,-0.210235516,-0.284491288,-0.210711372,-0.147395396,0.99998,-0.00270926442185687,"avg",-0.00270926442185687,-0.14714937098742,-0.147398343966879,-0.000248972979459583,0.16009,-2.47067,64,89,"Disconnected"
"b974c16c",0.16666,0.16666,0.16666,0.16666,0.16666,0.99996,NA,"avg",NA,0.166666666666667,0.166666666666667,0,0.16,-16.68713,51,149,"NA"
"bbb3c357",-0.133820859166667,-0.05314655,-0.034588305,-0.0137356175,0.041124665,0.950316666666667,0.965184303195641,"avg",0.939905821964178,-0.140817123239622,0.0432746961539136,0.184091819393535,0.16389,32.88981,92,1,"Well Connected"
"bbf60ff1",0.0328502115916667,0.0272759317833333,0.0244934916666667,0.0278853555,0.038436676125,1,0.338247055596632,"avg",0.0933956059930316,0.0328502115916667,0.038436676125,0.00558646453333334,0.15794,-13.21197,10,145,"Disconnected"
"bc4b0314",0.0987105269875,0.07352474855,0.07117067175,0.0741336063625,0.09836919635,0.80585375,-0.000829727030482345,"avg",-0.0299381427801168,0.122491862806992,0.122068298807321,-0.000423563999671153,0.15895,0.60097,16,46,"Disconnected"
"bc8c2b83",0.0713233330333333,0.0996699720416667,0.115864078466667,0.09426625695,0.0473946928416667,1,-0.3153582900275,"avg",-0.308153676709899,0.0713233330333333,0.0473946928416667,-0.0239286401916667,0.16014,-27.32726,65,162,"Opposite Connection"
"bc9c8c4c",0.08,0.08,0.08,0.08,0.08,1,NA,"avg",NA,0.08,0.08,0,0.16,3.0572,51,26,"NA"
"bccf94bb",0.206909188,0.182133042,0.224613724,0.180758514,0.205585532,1,-0.0343079315585205,"avg",-0.0343079315585205,0.206909188,0.205585532,-0.00132365599999998,0.15961,-5.875,28,111,"Disconnected"
"bfd7c457",0.0104794828727273,0.0102106190272727,0.00802074658181818,0.00812508572727273,0.00798406579090909,0.99998,-0.884233566390996,"avg",-0.067006756155877,0.0104796924665766,0.0079842254754186,-0.00249546699115801,0.15981,-3.65792,35,95,"Disconnected"
"c261b5c3",0.05165,0.05803,0.066315,0.07284,0.081165,0.93,0.99901939902352,"avg",0.99901939902352,0.0555376344086022,0.0872741935483871,0.0317365591397849,0.15993,-4.27736,38,98,"Well Connected"
"c29fbf4f",-0.0636183333333333,-0.0961955833333333,-0.0826215833333333,-0.0696964166666667,-0.00201808333333333,0.949883333333333,0.653291438835128,"avg",0.261557834925615,-0.0669748916533609,-0.00212455915638763,0.0648503324969733,0.16045,-24.07772,70,160,"Weakly Connected"
"c34d255b",0.15078379,0.16371885,0.139922641666667,0.139792473333333,0.139142245,0.999993333333333,-0.698284789812325,"avg",0.0834104649693441,0.150784795231968,0.139143172621151,-0.0116416226108174,0.18562,-5.48012,132,107,"Disconnected"
"c3b8d4fc",0.096904076,0.11664381035,0.14596201125,0.2145721248,0.4258079776,0.99989,0.89251287812219,"avg",0.71900226501575,0.0969147366210283,0.425854821630379,0.328940085009351,0.17607,-2.29702,121,87,"Connected"
"c47b9db1",-0.150794722222222,-0.0712343055555556,-0.0352326388888889,0.00125277777777778,0.0749877777777778,0.999998888888889,0.988149417021092,"avg",0.985680340897176,-0.1507948897721,0.0749878610976234,0.225782750869723,0.17738,-10.02853,123,132,"Well Connected"
"c53b3306",0.0694450822,0.000755866833333333,-0.0165162659666667,0.0048370954,0.0737782215333333,0.999953333333333,0.0479692749776865,"avg",0.0483667793606377,0.0694483231217457,0.0737816646776849,0.00433334155593926,0.15695,-8.37347,6,123,"Disconnected"
"c674f84b",0.00342594863333333,-0.0191398078888889,-0.0194876075888889,-0.00749999025555556,0.0268570126555556,0.988884444444444,0.480044348225305,"avg",0.296669182090087,0.00346445800880004,0.0271588989051636,0.0236944408963636,0.15821,-4.31169,13,99,"Weakly Connected"
"c8f498d2",-0.0499525,-0.030504,-0.0010805,0.0439165,0.0730455,0.986575,0.991653169448624,"avg",0.55173236506292,-0.0506322377923625,0.0740394800192585,0.124671717811621,0.16356,-3.04788,91,92,"Connected"
"c9b02591",-0.02504657457,-0.02476156216,-0.0213205386,-0.0169060106,-0.00961931407,0.49613,0.949772779316331,"avg",0.501228173605569,-0.0504838944833007,-0.0193886966520872,0.0310951978312136,0.15992,-15.22305,37,148,"Connected"
"ccb2bfb9",-0.0475623958333333,-0.00204979166666667,-0.0026828125,-0.00406411458333333,0.0563591145833333,0.25,0.880345883731252,"avg",0.786509581987217,-0.190249583333333,0.225436458333333,0.415686041666667,0.17089,24.72015,113,3,"Well Connected"
"ccbb0fd2",0.22292,0.190031,0.1824545,0.1985175,0.206077,1,-0.255640916800595,"avg",-0.255640916800595,0.22292,0.206077,-0.016843,0.16317,0.45347,88,55,"Opposite Connection"
"cd4803dc",-0.07945875,-0.0556665,-0.018644,0.03437475,0.0695945,0.955,0.992674051254458,"avg",0.91493452700538,-0.0832028795811518,0.0728738219895288,0.156076701570681,0.16425,3.69114,94,24,"Well Connected"
"cd597d34",0.0404098145833333,0.0391574666666667,0.0358386375,0.0384620458333333,0.04196536875,0.25,0.166895074928798,"avg",0.20403360343236,0.161639258333333,0.167861475,0.00622221666666667,0.15689,13.79121,4,6,"Disconnected"
"cf2d56c6",0.170233320908333,0.160721508475,0.174742196183333,0.217735134525,0.276556173241667,0.999988333333333,0.887008748973674,"avg",0.415955442909068,0.170235306986915,0.276559399767997,0.106324092781082,0.1652,4.53343,98,19,"Weakly Connected"
"cfd8f183",0.0473661916666667,0.0409542716666667,0.0667046166666667,0.0535400716666667,0.0614348483333333,0.925,0.620232998316342,"avg",0.336455454939335,0.0512066936936937,0.0664160522522523,0.0152093585585586,0.15645,0.13808,1,66,"Weakly Connected"
"d04974fb",0.2,0.2,0.2,0.2,0.2,1,NA,"avg",NA,0.2,0.2,0,0.16,0.45347,51,55,"NA"
"d10b6093",0.142856,0.142856,0.142856,0.142856,0.142856,1,NA,"avg",NA,0.142856,0.142856,0,0.16,0.04025,51,68,"NA"
"d18b809d",0.20372965615,0.16664811235,0.1442994583,0.2166891673,0.2684086059,0.999775,0.591877078917747,"avg",0.314046601671789,0.203775505638769,0.268469011427571,0.0646935057888025,0.17184,-0.21979,116,69,"Weakly Connected"
"d252b0cc",0.0111090760333333,0.0297615190333333,0.0457232289833333,0.04509643415,0.0349764084666667,1,0.704586799895501,"avg",0.258258606223711,0.0111090760333333,0.0349764084666667,0.0238673324333333,0.16046,3.71607,72,23,"Weakly Connected"
"d50c10cd",0.03909317325,0.05930490825,0.0760585205,0.082770644,0.0761060873333333,1,0.871593459035454,"avg",0.365330753059759,0.03909317325,0.0761060873333333,0.0370129140833333,0.17281,4.48746,117,20,"Weakly Connected"
"d562f28c",-0.0773645,-0.05016975,-0.0194015,0.02743625,0.0574995,0.95825,0.995687186175916,"avg",0.871748288077795,-0.0807351943647274,0.060004696060527,0.140739890425254,0.16462,-1.60821,97,83,"Well Connected"
"d5c78bbc",0.177155,0.177155,0.177155,0.177155,0.177155,0.999995,NA,"avg",NA,0.177155885779429,0.177155885779429,0,0.16,1.37237,51,35,"NA"
"d64f73c2",0.2,0.2,0.2,0.2,0.2,1,NA,"avg",NA,0.2,0.2,0,0.16,-0.70302,51,77,"NA"
"d707cb75",0.197597916666667,0.0478354166666667,0.0369854166666667,0.0572666666666667,0.260314583333333,1,0.208737099736045,"avg",0.192242125872896,0.197597916666667,0.260314583333333,0.0627166666666667,0.15904,0.55381,18,47,"Disconnected"
"d874631c",0.172291047,0.15322350775,0.150394222,0.19167274975,0.2465134735,0.999875,0.752195684901128,"avg",0.693657508651706,0.172312586073259,0.246544291536442,0.0742317054631829,0.16018,1.74709,66.5,32,"Connected"
"d9bc9425",0,0,0,0.0415,0.9585,1,0.729664657115671,"avg",0.730152267093952,0,0.9585,0.9585,0.31189,3.61002,159,25,"Connected"
"db21f28b",0.141278348491667,0.0714664891166667,0.063816907825,0.0983414186416667,0.209096835925,1,0.429436807961602,"avg",0.423831564686069,0.141278348491667,0.209096835925,0.0678184874333333,0.15729,1.30108,8,36,"Weakly Connected"
"db442696",0.061,0.0645,-0.0015,-0.052,-0.072,0.54,-0.963152240743153,"avg",-0.963152240743153,0.112962962962963,-0.133333333333333,-0.246296296296296,0.18474,-10.19629,129,133,"Opposite Connection"
"dcc0145b",0.133575,0.0827625,0.182475,0.212775,0.3134125,1,0.888658699604219,"avg",0.777086273539226,0.133575,0.3134125,0.1798375,0.17337,0.29772,119,65,"Well Connected"
"dcc4c022",0.02455,0.0078,0.000149999999999998,0.0949,0.1086,0.988,0.794236105764952,"avg",0.650170097626853,0.0248481781376518,0.109919028340081,0.0850708502024292,0.16702,-1.01876,104,79,"Connected"
"dd543bd7",0.244731518572727,0.144403010836364,0.150282606490909,0.1525731477,0.227614261854545,0.919604545454546,-0.0855470447539266,"avg",-0.0560630625895797,0.2661269126848,0.247513197906215,-0.0186137147785857,0.15922,2.68588,20,28,"Disconnected"
"dd807d74",0.0616366988888889,0.06001036,0.0218328144444445,0.0766005166666667,0.0936518322222222,0.999441111111111,0.479262287030971,"avg",0.477364571813173,0.0616711662184532,0.0937042024598192,0.032033036241366,0.15984,-11.26974,36,140,"Weakly Connected"
"dd8bb8b0",0.2,0.2,0.2,0.2,0.2,1,NA,"avg",NA,0.2,0.2,0,0.16,0.45347,51,55,"NA"
"dfb3c499",0.190200228571429,0.172500314285714,0.183610657142857,0.191177057142857,0.262493171428571,0.999981428571429,0.72264727063448,"avg",0.489624859901723,0.190203760926989,0.26249804639229,0.0722942854653015,0.15979,-9.05804,32,127,"Weakly Connected"
"dfcb064c",0.0823683418333333,0.00549136383333333,-0.0251135888333333,-0.0594406145,-0.115297169,0.999991666666667,-0.98659932249825,"avg",-0.864759030699538,0.082369028241902,-0.115298129817748,-0.197667158059651,0.16273,-29.1838,83,163,"Opposite Connection"
"f067b9f5",0.2,0.2,0.2,0.2,0.2,1,NA,"avg",NA,0.2,0.2,0,0.16928,-0.52674,108,74,"NA"
"f250dfc3",-0.0727355092727273,-0.0687244274818182,-0.0636595805181818,-0.0374845292363636,0.0114185919636364,0.999863636363636,0.900348603486315,"avg",0.271601113346399,-0.0727454291039687,0.0114201492567168,0.0841655783606855,0.17906,1.12045,127,41,"Weakly Connected"
"f4767b9c",-0.4413025,-0.030046,-0.0042205,0.0205345,0.4730345,1,0.917214937987448,"avg",0.916877039829823,-0.4413025,0.4730345,0.914337,0.29841,-12.12115,156,141,"Well Connected"
"f5d74bfb",-0.0666666666666667,-0.125,0.0558333333333333,0.206666666666667,0.5125,1,0.923173995118174,"avg",0.888474316661402,-0.0666666666666667,0.5125,0.579166666666667,0.19166,-0.48332,136,73,"Well Connected"
"f743b142",-0.320108667975,-0.0361671797,0.005174050575,0.0479885727,0.3022532244,1,0.945674047900311,"avg",0.934962157882743,-0.320108667975,0.3022532244,0.622361892375,0.22282,-21.14191,144,155,"Well Connected"
"f8fbd1bf",0.0508797948583333,0.0470681972666667,0.0285097458083333,0.0400215027666667,0.0612407593,0.99249,0.176864284181269,"avg",0.318706334087793,0.0512647934571969,0.0617041575229977,0.0104393640658008,0.17028,28.65539,110,2,"Weakly Connected"
"fb07c974",0.0855131402,0.0880852744,0.1206785087,0.1915192009,0.5142038758,1,0.840366747255376,"avg",0.840366747255376,0.0855131402,0.5142038758,0.4286907356,0.1855,0.06821,131,67,"Well Connected"
"ffbf60c3",-0.213673265,0.045393947,0.04926126175,0.0653961035,0.46888445275,0.9999975,0.894491729018789,"avg",0.845295892580176,-0.213673799184498,0.468885624964062,0.68255942414856,0.26708,-0.24616,154,70,"Well Connected"
